427214,1530499715.0,211772850.0,16.81785,68.76955
427215,1530505774.0,211772850.0,17.078295,68.90844166666666
427216,1530505894.0,211772850.0,17.083465,68.91122
427217,1530507754.0,211772850.0,17.183886666666666,68.94311666666667
427218,1530507784.0,211772850.0,17.1858,68.943515
427219,1530516213.0,211772850.0,17.465156666666665,69.09320333333334
427220,1530516273.0,211772850.0,17.469556666666666,69.09406333333334
427221,1530516724.0,211772850.0,17.501568333333335,69.10021166666667
427222,1530516783.0,211772850.0,17.505766666666666,69.10101166666666
427223,1530516814.0,211772850.0,17.507953333333333,69.10141833333333
427224,1530517024.0,211772850.0,17.522848333333332,69.10421666666667
427225,1530517083.0,211772850.0,17.52709,69.10498833333334
427226,1530517384.0,211772850.0,17.54886,69.10901333333334
427227,1530517444.0,211772850.0,17.553103333333333,69.10981166666667
427228,1530517504.0,211772850.0,17.557285,69.110595
427229,1530517594.0,211772850.0,17.563406666666666,69.11178
427230,1530517654.0,211772850.0,17.567573333333332,69.11255166666666
427231,1530517957.0,211772850.0,17.587946666666667,69.116305
427232,1530518045.0,211772850.0,17.593646666666668,69.11724166666667
427233,1530518133.0,211772850.0,17.599075,69.11814333333334
427234,1530518705.0,211772850.0,17.635545,69.12354166666667
427235,1530518826.0,211772850.0,17.639585,69.12409333333333
427236,1530519093.0,211772850.0,17.66088166666667,69.12712
427237,1530519154.0,211772850.0,17.66493,69.12770666666667
427238,1530520113.0,211772850.0,17.731316666666668,69.13797
427239,1530520174.0,211772850.0,17.735458333333334,69.13859833333333
427240,1530520927.0,211772850.0,17.786113333333333,69.14616
427241,1530521014.0,211772850.0,17.792003333333334,69.14700333333333
427242,1530523295.0,211772850.0,17.945155,69.16971666666667
427243,1531827806.0,211772850.0,15.597331666666667,78.235985
427244,1531835247.0,211772850.0,15.56006,78.36266333333333
427245,1531835306.0,211772850.0,15.564115,78.36376833333334
427246,1531849538.0,211772850.0,16.505488333333332,78.60774
427247,1531849598.0,211772850.0,16.509473333333332,78.60889166666666
427248,1532014587.0,211772850.0,16.14052,78.45372333333333
427249,1532014647.0,211772850.0,16.14307833333333,78.45299
427250,1532014677.0,211772850.0,16.144416666666668,78.45260833333333
427251,1532020317.0,211772850.0,15.818728333333333,78.36436
427252,1532020347.0,211772850.0,15.81485,78.36375166666667
427253,1532020377.0,211772850.0,15.810956666666666,78.36310833333333
427254,1532020425.0,211772850.0,15.802903333333331,78.361805
427255,1532191255.0,211772850.0,14.64853,78.25141
427256,1532191285.0,211772850.0,14.645416666666666,78.25158
427257,1532191315.0,211772850.0,14.641936666666666,78.25175
427258,1532196830.0,211772850.0,14.03961,78.20889166666667
427259,1532196865.0,211772850.0,14.036026666666666,78.208565
427260,1532196894.0,211772850.0,14.03232,78.20828833333333
427261,1532202041.0,211772850.0,13.35547,78.184735
427262,1532202070.0,211772850.0,13.351201666666666,78.18469
427263,1532202471.0,211772850.0,13.29551,78.18466666666667
427264,1532202530.0,211772850.0,13.286916666666666,78.18463
427265,1532202565.0,211772850.0,13.282636666666669,78.18463666666666
427266,1532206635.0,211772850.0,12.778483333333334,78.22627
427267,1532206666.0,211772850.0,12.775883333333333,78.22702166666667
427268,1532208110.0,211772850.0,12.65511,78.26003166666666
427269,1532208144.0,211772850.0,12.652658333333331,78.26070666666666
427270,1532208170.0,211772850.0,12.650211666666667,78.26139333333333
427271,1532208207.0,211772850.0,12.647576666666666,78.26212
427272,1532230230.0,211772850.0,12.132026666666668,78.48171
427273,1532230255.0,211772850.0,12.1352,78.48205833333333
427274,1532230286.0,211772850.0,12.13869,78.48245666666666
427275,1532243124.0,211772850.0,12.911936666666668,78.53553666666667
427276,1532253393.0,211772850.0,12.911553333333334,78.53539666666667
427277,1532259688.0,211772850.0,12.911916666666666,78.53538166666667
427278,1532270859.0,211772850.0,12.91085,78.535455
427279,1532276619.0,211772850.0,12.9113,78.53542166666666
427280,1532282199.0,211772850.0,12.911153333333331,78.53537833333333
427281,1532287595.0,211772850.0,12.911826666666666,78.535405
427282,1532355353.0,211772850.0,11.938833333333331,78.55948
427283,1532355754.0,211772850.0,11.902076666666666,78.566655
427284,1532355812.0,211772850.0,11.896498333333334,78.56773
427285,1532361879.0,211772850.0,11.349371666666666,78.66879333333333
427286,1532361909.0,211772850.0,11.348121666666668,78.66946333333334
427287,1532361971.0,211772850.0,11.345328333333333,78.67087333333333
427288,1532361999.0,211772850.0,11.344085,78.6715
427289,1532367542.0,211772850.0,11.471976666666666,78.79375833333333
427290,1532367609.0,211772850.0,11.475721666666669,78.79511
427291,1532367670.0,211772850.0,11.479745,78.79650166666667
427292,1532367699.0,211772850.0,11.481606666666666,78.79717666666667
427293,1532367729.0,211772850.0,11.483618333333334,78.79787833333333
427294,1532368916.0,211772850.0,11.56078,78.82536833333333
427295,1532368949.0,211772850.0,11.562185,78.82614833333334
427296,1532378980.0,211772850.0,11.26921,78.94385333333334
427297,1532379011.0,211772850.0,11.266723333333331,78.94452666666666
427298,1532379040.0,211772850.0,11.264855,78.94525166666666
427299,1532380412.0,211772850.0,11.261923333333334,78.981715
427300,1532380473.0,211772850.0,11.266125,78.983065
427301,1532381336.0,211772850.0,11.375098333333334,78.981895
427302,1532381366.0,211772850.0,11.378868333333331,78.98182
427303,1532381396.0,211772850.0,11.382786666666666,78.98174666666667
427304,1532384649.0,211772850.0,11.781336666666666,78.95791833333334
427305,1532384680.0,211772850.0,11.78505,78.95757666666667
427306,1532386460.0,211772850.0,11.935976666666669,78.92849833333334
427307,1532503910.0,211772850.0,11.93653,78.92852166666667
427308,1532506145.0,211772850.0,11.936421666666666,78.92853666666667
427309,1532507777.0,211772850.0,11.936543333333333,78.92853166666667
427310,1532513886.0,211772850.0,11.936598333333333,78.92852
427311,1532518934.0,211772850.0,11.936498333333333,78.92852
427312,1532523430.0,211772850.0,11.936563333333334,78.92852666666667
427313,1532525418.0,211772850.0,11.936618333333334,78.92852666666667
427314,1532526308.0,211772850.0,11.936546666666668,78.92851666666667
427315,1532532438.0,211772850.0,11.936546666666668,78.92853333333333
427316,1532536951.0,211772850.0,11.936533333333331,78.92853333333333
427317,1532538392.0,211772850.0,11.93654,78.92853333333333
427318,1532540542.0,211772850.0,11.936515,78.92852833333333
427319,1532612878.0,211772850.0,11.936571666666667,78.92852833333333
427320,1532618112.0,211772850.0,11.936521666666666,78.928535
427321,1532618638.0,211772850.0,11.93653,78.92853666666667
427322,1532724296.0,211772850.0,12.109475,78.99857833333333
427323,1532729581.0,211772850.0,12.10941,78.998615
427324,1532735336.0,211772850.0,12.109663333333334,78.99863333333333
427325,1532772341.0,211772850.0,11.1674,79.082505
427326,1532772370.0,211772850.0,11.16502,79.083325
427327,1532778042.0,211772850.0,10.85196,79.25396
427328,1532778191.0,211772850.0,10.846788333333333,79.25821333333333
427329,1532784071.0,211772850.0,10.639671666666668,79.43599833333333
427330,1532784188.0,211772850.0,10.63532,79.43984
427331,1532815467.0,211772850.0,11.039981666666666,79.55710833333333
427332,1532815825.0,211772850.0,11.039846666666667,79.55704666666666
427333,1532883553.0,211772850.0,10.74008,79.56821
427334,1532883779.0,211772850.0,10.740738333333333,79.56834666666667
427335,1532883808.0,211772850.0,10.740718333333334,79.568385
427336,1532884221.0,211772850.0,10.741616666666667,79.568635
427337,1532886800.0,211772850.0,10.744893333333334,79.56596166666667
427338,1532889654.0,211772850.0,10.946473333333332,79.56693333333334
427339,1532977639.0,211772850.0,10.90051,79.580065
427340,1532981425.0,211772850.0,11.052505,79.655115
427341,1532981483.0,211772850.0,11.060653333333333,79.65563833333333
427342,1532981513.0,211772850.0,11.064443333333331,79.65595166666667
427343,1532981712.0,211772850.0,11.087155,79.658005
427344,1532981801.0,211772850.0,11.096571666666666,79.65889166666666
427345,1532985836.0,211772850.0,11.162495,79.767465
427346,1532985869.0,211772850.0,11.16254,79.76826
427347,1532986105.0,211772850.0,11.16377,79.77427166666666
427348,1532986193.0,211772850.0,11.1635,79.776465
427349,1532990333.0,211772850.0,11.572216666666666,79.80828333333334
427350,1532991100.0,211772850.0,11.589291666666666,79.80783
427351,1533144901.0,211772850.0,11.58927,79.80785
427352,1533160988.0,211772850.0,11.58916,79.80765
427353,1533166753.0,211772850.0,11.587698333333334,79.80780166666666
427354,1533178269.0,211772850.0,11.587456666666666,79.80766666666666
427355,1533178643.0,211772850.0,11.587351666666668,79.80766
427356,1533189779.0,211772850.0,11.58737,79.80771666666666
427357,1533190519.0,211772850.0,11.587116666666669,79.80772
427358,1533218756.0,211772850.0,13.692786666666668,79.91825
427359,1533218816.0,211772850.0,13.697826666666666,79.91956666666667
427360,1533223932.0,211772850.0,13.821158333333331,80.00056666666667
427361,1533223992.0,211772850.0,13.820086666666668,80.00059666666667
427362,1533224121.0,211772850.0,13.820781666666669,79.99814833333333
427363,1533227236.0,211772850.0,13.958195,79.92225166666667
427364,1533227357.0,211772850.0,13.964338333333334,79.918945
427365,1533227506.0,211772850.0,13.97191,79.914905
427366,1533229880.0,211772850.0,13.93645,79.85447666666667
427367,1533229970.0,211772850.0,13.934956666666666,79.85374333333333
427368,1533230094.0,211772850.0,13.934733333333334,79.853515
427369,1533233022.0,211772850.0,14.035638333333331,79.79016333333334
427370,1533233174.0,211772850.0,14.040665,79.78610666666667
427371,1533233289.0,211772850.0,14.044193333333334,79.78286166666666
427372,1533235127.0,211772850.0,14.100496666666666,79.73598666666666
427373,1533235239.0,211772850.0,14.103598333333334,79.73287666666667
427374,1533235670.0,211772850.0,14.111383333333333,79.72221166666667
427375,1533235787.0,211772850.0,14.113968333333334,79.71919
427376,1533235845.0,211772850.0,14.115221666666669,79.71775666666667
427377,1533235875.0,211772850.0,14.115846666666666,79.71701666666667
427378,1533238603.0,211772850.0,14.246731666666667,79.65917333333333
427379,1533238626.0,211772850.0,14.250685,79.65885833333333
427380,1533238721.0,211772850.0,14.262625,79.65815
427381,1533241141.0,211772850.0,14.06811,79.642215
427382,1533241276.0,211772850.0,14.057218333333331,79.63984166666667
427383,1533241800.0,211772850.0,14.008253333333334,79.62934
427384,1533241922.0,211772850.0,13.997626666666669,79.62706666666666
427385,1533244358.0,211772850.0,13.817416666666666,79.58278
427386,1533244410.0,211772850.0,13.81289,79.58175833333334
427387,1533244477.0,211772850.0,13.808251666666669,79.58072333333334
427388,1533244507.0,211772850.0,13.805928333333334,79.58021166666667
427389,1533257506.0,211772850.0,13.40301,79.46648
427390,1533257673.0,211772850.0,13.402978333333332,79.46646666666666
427391,1533267214.0,211772850.0,13.403296666666666,79.46645333333333
427392,1533293624.0,211772850.0,13.365238333333334,79.479055
427393,1533293749.0,211772850.0,13.370503333333334,79.48161166666667
427394,1533294006.0,211772850.0,13.382765,79.48713833333333
427395,1533294064.0,211772850.0,13.385525,79.48837333333333
427396,1533296604.0,211772850.0,13.490851666666666,79.55157666666666
427397,1533296831.0,211772850.0,13.495695,79.55502333333334
427398,1533388185.0,211772850.0,12.543758333333331,79.54999666666667
427399,1533388334.0,211772850.0,12.537233333333331,79.54703666666667
427400,1533388397.0,211772850.0,12.53551,79.54634
427401,1533388453.0,211772850.0,12.535251666666667,79.545895
427402,1533389184.0,211772850.0,12.503338333333334,79.53659
427403,1533389245.0,211772850.0,12.502833333333331,79.53646666666667
427404,1533411166.0,211772850.0,13.977881666666669,79.830115
427405,1533411226.0,211772850.0,13.97593,79.83150666666667
427406,1533417617.0,211772850.0,13.465356666666668,79.890755
427407,1533417647.0,211772850.0,13.461516666666666,79.8907
427408,1533417709.0,211772850.0,13.453798333333332,79.89062333333334
427409,1533417738.0,211772850.0,13.450326666666667,79.8906
427410,1533426876.0,211772850.0,12.280075,79.88230833333333
427411,1533428017.0,211772850.0,12.114528333333332,79.87912333333334
427412,1533428048.0,211772850.0,12.110285,79.878915
427413,1533428079.0,211772850.0,12.105946666666666,79.87872666666667
427414,1533428450.0,211772850.0,12.05616,79.87595333333333
427415,1533428479.0,211772850.0,12.052096666666667,79.87571666666666
427416,1533432581.0,211772850.0,11.560315,79.828435
427417,1533432604.0,211772850.0,11.55613,79.82818166666667
427418,1533433599.0,211772850.0,11.430486666666669,79.82335
427419,1533433630.0,211772850.0,11.426871666666669,79.82293666666666
427420,1533434000.0,211772850.0,11.385871666666668,79.81908666666666
427421,1533434059.0,211772850.0,11.378811666666667,79.81853833333334
427422,1533434119.0,211772850.0,11.37145,79.81799333333333
427423,1533434150.0,211772850.0,11.367525,79.81771166666667
427424,1533456414.0,211772850.0,10.632428333333332,79.494045
427425,1533456502.0,211772850.0,10.633913333333334,79.491765
427426,1533477028.0,211772850.0,11.04829,79.03387833333333
427427,1533477057.0,211772850.0,11.048856666666667,79.03314166666667
427428,1533482819.0,211772850.0,11.182898333333334,78.89022166666666
427429,1533482849.0,211772850.0,11.183783333333333,78.889535
427430,1533485851.0,211772850.0,11.266995,78.81729833333333
427431,1533485970.0,211772850.0,11.27104,78.814385
427432,1533496188.0,211772850.0,11.560816666666666,78.60909833333334
427433,1533496218.0,211772850.0,11.562951666666669,78.608485
427434,1533502795.0,211772850.0,11.98595,78.48553833333334
427435,1533513153.0,211772850.0,12.731201666666667,78.260955
427436,1533518784.0,211772850.0,13.23423,78.17998666666666
427437,1533535318.0,211772850.0,15.187916666666666,78.25534666666667
427438,1533535350.0,211772850.0,15.191675,78.25557
427439,1533852442.0,211772850.0,15.453703333333332,78.25706
427440,1533852501.0,211772850.0,15.448386666666666,78.25725
427441,1533859370.0,211772850.0,14.90785,78.19954
427442,1533859980.0,211772850.0,14.852361666666669,78.19212333333333
427443,1533860040.0,211772850.0,14.846606666666666,78.1914
427444,1533874582.0,211772850.0,13.393556666666669,78.066835
427445,1533874643.0,211772850.0,13.38751,78.06629
427446,1533888960.0,211772850.0,13.246595,77.80226333333333
427447,1533889079.0,211772850.0,13.248106666666668,77.79999
427448,1533903833.0,211772850.0,13.377128333333332,77.50415666666666
427449,1533903865.0,211772850.0,13.37781,77.503465
427450,1533933625.0,211772850.0,14.129696666666666,76.80394333333334
427451,1533933871.0,211772850.0,14.135868333333333,76.79807333333333
427452,1533965696.0,211772850.0,14.604421666666669,75.97872666666666
427453,1533965726.0,211772850.0,14.604253333333334,75.97786833333333
427454,1534032080.0,211772850.0,15.11964,74.395955
427455,1534032200.0,211772850.0,15.119583333333331,74.393555
427456,1534109769.0,211772850.0,15.251515,72.716935
427457,1534789123.0,211772850.0,14.390426666666666,67.50729833333334
427458,1534789423.0,211772850.0,14.394136666666666,67.49738666666667
427459,1534789604.0,211772850.0,14.39662,67.49188333333333
427460,1534789664.0,211772850.0,14.397551666666669,67.490165
427461,1534789724.0,211772850.0,14.39836,67.48851333333333
427462,1534789903.0,211772850.0,14.39952,67.48388
427463,1534790023.0,211772850.0,14.40007,67.48092166666666
427464,1534790893.0,211772850.0,14.410838333333333,67.45906
427465,1534790953.0,211772850.0,14.412428333333333,67.457705
427466,1534791044.0,211772850.0,14.414688333333334,67.45566166666667
427467,1534791133.0,211772850.0,14.416865,67.45354166666667
427468,1534791286.0,211772850.0,14.420665,67.44995333333334
427469,1534791314.0,211772850.0,14.421401666666666,67.44927333333334
427470,1534791374.0,211772850.0,14.422775,67.44781833333333
427471,1534791523.0,211772850.0,14.425833333333332,67.44447166666667
427472,1534791613.0,211772850.0,14.42767,67.44226833333333
427473,1534791673.0,211772850.0,14.428823333333334,67.4409
427474,1534791882.0,211772850.0,14.43227,67.43664
427475,1534791943.0,211772850.0,14.433203333333331,67.43540333333333
427476,1534792033.0,211772850.0,14.434745,67.43308833333333
427477,1534792123.0,211772850.0,14.43619,67.43104
427478,1534792182.0,211772850.0,14.437128333333334,67.42965166666667
427479,1534792215.0,211772850.0,14.437636666666666,67.42897333333333
427480,1534792273.0,211772850.0,14.438376666666668,67.42776166666667
427481,1534792453.0,211772850.0,14.441208333333334,67.423235
427482,1534792513.0,211772850.0,14.442385,67.42155333333334
427483,1534792573.0,211772850.0,14.443131666666666,67.419775
427484,1534792664.0,211772850.0,14.44306,67.41722833333333
427485,1534792724.0,211772850.0,14.443078333333334,67.416225
427486,1534792813.0,211772850.0,14.443111666666669,67.414605
427487,1534792934.0,211772850.0,14.442763333333334,67.41186166666667
427488,1534792993.0,211772850.0,14.44244,67.41044333333333
427489,1534793053.0,211772850.0,14.441703333333331,67.40900166666667
427490,1534793114.0,211772850.0,14.440923333333334,67.40752
427491,1534793263.0,211772850.0,14.439185,67.40394833333333
427492,1534793323.0,211772850.0,14.438481666666666,67.40249166666666
427493,1534793384.0,211772850.0,14.4379,67.40112666666667
427494,1534793413.0,211772850.0,14.43767,67.40051166666667
427495,1534793474.0,211772850.0,14.437193333333331,67.39924666666667
427496,1534793563.0,211772850.0,14.436555,67.397425
427497,1534793652.0,211772850.0,14.435963333333332,67.395605
427498,1534793713.0,211772850.0,14.43577,67.39456666666666
427499,1534793774.0,211772850.0,14.435263333333332,67.39313333333334
427500,1534793892.0,211772850.0,14.434335,67.39034
427501,1534793952.0,211772850.0,14.433528333333332,67.38871666666667
427502,1534794013.0,211772850.0,14.433111666666669,67.38720666666667
427503,1534794072.0,211772850.0,14.432693333333331,67.38577166666667
427504,1534794133.0,211772850.0,14.43242,67.384335
427505,1534794195.0,211772850.0,14.43196,67.38278166666667
427506,1534794283.0,211772850.0,14.431653333333331,67.38079833333333
427507,1534794313.0,211772850.0,14.431615,67.38018
427508,1534794342.0,211772850.0,14.431506666666667,67.37954166666667
427509,1534794404.0,211772850.0,14.431195,67.37807166666667
427510,1534794465.0,211772850.0,14.430833333333334,67.37653
427511,1534794554.0,211772850.0,14.430281666666666,67.3743
427512,1534794613.0,211772850.0,14.42984,67.37277333333333
427513,1534794643.0,211772850.0,14.429578333333334,67.37195666666666
427514,1534794733.0,211772850.0,14.428648333333332,67.369345
427515,1534794794.0,211772850.0,14.428098333333333,67.36771
427516,1534794883.0,211772850.0,14.427435,67.3652
427517,1534794912.0,211772850.0,14.427231666666666,67.36438
427518,1534794972.0,211772850.0,14.426706666666666,67.36264166666666
427519,1534795035.0,211772850.0,14.426103333333334,67.36081833333333
427520,1534795124.0,211772850.0,14.425441666666666,67.35829166666667
427521,1534795153.0,211772850.0,14.425213333333334,67.35747166666667
427522,1534795213.0,211772850.0,14.42485,67.35582333333333
427523,1534795243.0,211772850.0,14.424526666666669,67.35496333333333
427524,1534795274.0,211772850.0,14.42422,67.35406333333333
427525,1534795334.0,211772850.0,14.423758333333334,67.352385
427526,1534795394.0,211772850.0,14.422836666666669,67.35057
427527,1534795483.0,211772850.0,14.421776666666666,67.347855
427528,1534795513.0,211772850.0,14.421501666666666,67.34692166666666
427529,1534795544.0,211772850.0,14.42106,67.34600166666667
427530,1534795633.0,211772850.0,14.419896666666666,67.34328166666667
427531,1534795723.0,211772850.0,14.4179,67.34054166666667
427532,1534795843.0,211772850.0,14.415011666666668,67.337155
427533,1534795904.0,211772850.0,14.413558333333333,67.33574333333334
427534,1534795993.0,211772850.0,14.411616666666667,67.333745
427535,1534796053.0,211772850.0,14.410193333333334,67.33238333333334
427536,1534796083.0,211772850.0,14.409473333333333,67.33168833333333
427537,1534796114.0,211772850.0,14.408701666666667,67.330965
427538,1534796204.0,211772850.0,14.406508333333331,67.32879333333334
427539,1534796263.0,211772850.0,14.405106666666669,67.327385
427540,1534796323.0,211772850.0,14.403615,67.32591666666667
427541,1534796384.0,211772850.0,14.402155,67.32452666666667
427542,1534796414.0,211772850.0,14.40156,67.32387166666666
427543,1534796472.0,211772850.0,14.400248333333334,67.32258
427544,1534796535.0,211772850.0,14.398746666666666,67.32126666666667
427545,1534796623.0,211772850.0,14.396853333333333,67.31969333333333
427546,1534796685.0,211772850.0,14.395623333333331,67.31861666666667
427547,1534796713.0,211772850.0,14.395043333333334,67.318145
427548,1534796744.0,211772850.0,14.39444,67.317605
427549,1534796836.0,211772850.0,14.391811666666667,67.31569
427550,1534796925.0,211772850.0,14.38912,67.31377333333333
427551,1534797014.0,211772850.0,14.386751666666669,67.311485
427552,1534797075.0,211772850.0,14.385355,67.309765
427553,1534797164.0,211772850.0,14.383525,67.307325
427554,1534797254.0,211772850.0,14.381551666666669,67.30486833333333
427555,1534797316.0,211772850.0,14.380235,67.30326666666667
427556,1534797376.0,211772850.0,14.378821666666669,67.30165333333333
427557,1534797463.0,211772850.0,14.377238333333333,67.29898333333334
427558,1534797553.0,211772850.0,14.376155,67.296275
427559,1534797616.0,211772850.0,14.375611666666666,67.29446
427560,1534797707.0,211772850.0,14.374826666666667,67.29286333333333
427561,1534797767.0,211772850.0,14.37329,67.292145
427562,1534797853.0,211772850.0,14.370855,67.29108333333333
427563,1534797913.0,211772850.0,14.36839,67.29024833333334
427564,1534797944.0,211772850.0,14.367051666666669,67.2898
427565,1534797979.0,211772850.0,14.365488333333332,67.28924666666667
427566,1534798063.0,211772850.0,14.362101666666666,67.28788
427567,1534798152.0,211772850.0,14.362253333333332,67.28584833333333
427568,1534798214.0,211772850.0,14.366075,67.285265
427569,1534798334.0,211772850.0,14.369813333333331,67.28393833333334
427570,1534798424.0,211772850.0,14.371163333333334,67.28287
427571,1534798487.0,211772850.0,14.371748333333333,67.28232
427572,1534798513.0,211772850.0,14.371696666666669,67.28246833333333
427573,1534798573.0,211772850.0,14.37118,67.28333333333333
427574,1534798663.0,211772850.0,14.369135,67.284325
427575,1534798723.0,211772850.0,14.36793,67.28422333333333
427576,1534798813.0,211772850.0,14.36831,67.28422666666667
427577,1534798873.0,211772850.0,14.368326666666666,67.28421
427578,1534798904.0,211772850.0,14.368331666666666,67.28421
427579,1534798936.0,211772850.0,14.368343333333334,67.28422166666667
427580,1534799116.0,211772850.0,14.36832,67.28422166666667
427581,1534799293.0,211772850.0,14.367913333333334,67.28459666666667
427582,1534799352.0,211772850.0,14.369953333333331,67.28387666666667
427583,1534799442.0,211772850.0,14.371471666666666,67.28247666666667
427584,1534799503.0,211772850.0,14.371516666666666,67.28188
427585,1534799563.0,211772850.0,14.37157,67.28154
427586,1534799623.0,211772850.0,14.371681666666667,67.28150833333333
427587,1534799712.0,211772850.0,14.37169,67.2814
427588,1534799892.0,211772850.0,14.371756666666666,67.28139333333333
427589,1534800072.0,211772850.0,14.371778333333332,67.2814
427590,1534800253.0,211772850.0,14.371788333333331,67.281395
427591,1534800432.0,211772850.0,14.371773333333334,67.28138333333334
427592,1535224816.0,211772850.0,14.371745,67.281405
427593,1535224876.0,211772850.0,14.371718333333334,67.28140333333333
427594,1535225113.0,211772850.0,14.371725,67.28139
427595,1535225292.0,211772850.0,14.371758333333334,67.28139166666666
427596,1535225473.0,211772850.0,14.371735,67.281395
427597,1535225652.0,211772850.0,14.371776666666667,67.281395
427598,1535225834.0,211772850.0,14.371758333333334,67.28139333333333
427599,1535226015.0,211772850.0,14.37177,67.28139666666667
427600,1535356995.0,211772850.0,14.371776666666667,67.281395
427601,1535357109.0,211772850.0,14.371755,67.28139333333333
427602,1535357470.0,211772850.0,14.371753333333332,67.28140333333333
427603,1535357830.0,211772850.0,14.371755,67.28138666666666
427604,1535358009.0,211772850.0,14.37175,67.28139333333333
427605,1535358189.0,211772850.0,14.371778333333332,67.28137833333334
427606,1535358369.0,211772850.0,14.371756666666666,67.281365
427607,1535358666.0,211772850.0,14.371548333333331,67.28168666666667
427608,1535358907.0,211772850.0,14.365795,67.285195
427609,1535359206.0,211772850.0,14.35119,67.28188166666666
427610,1535359505.0,211772850.0,14.336735,67.27749833333333
427611,1535359595.0,211772850.0,14.332361666666667,67.2762
427612,1535359805.0,211772850.0,14.331106666666669,67.27424833333333
427613,1535359985.0,211772850.0,14.324971666666666,67.27199
427614,1535360106.0,211772850.0,14.319613333333333,67.270155
427615,1535360198.0,211772850.0,14.315438333333333,67.26867666666666
427616,1535360256.0,211772850.0,14.318268333333334,67.269675
427617,1535360408.0,211772850.0,14.305473333333332,67.26527166666666
427618,1535361005.0,211772850.0,14.273443333333333,67.256
427619,1535361067.0,211772850.0,14.269935,67.25508166666667
427620,1535361216.0,211772850.0,14.261963333333334,67.25322666666666
427621,1535361306.0,211772850.0,14.256106666666666,67.253335
427622,1535361605.0,211772850.0,14.238626666666669,67.25368833333333
427623,1535361905.0,211772850.0,14.222426666666667,67.254115
427624,1535362027.0,211772850.0,14.216338333333333,67.25434166666666
427625,1535362205.0,211772850.0,14.208178333333333,67.254435
427626,1535362506.0,211772850.0,14.195088333333333,67.25446166666667
427627,1535362805.0,211772850.0,14.181416666666667,67.25453833333333
427628,1535362986.0,211772850.0,14.17529,67.25451666666666
427629,1535363137.0,211772850.0,14.172203333333334,67.25186166666667
427630,1535363227.0,211772850.0,14.170231666666666,67.25014833333333
427631,1535363406.0,211772850.0,14.166293333333334,67.24674833333333
427632,1535363709.0,211772850.0,14.159263333333334,67.24114666666667
427633,1535363949.0,211772850.0,14.152488333333332,67.23707
427634,1535364008.0,211772850.0,14.150821666666667,67.23606
427635,1535364126.0,211772850.0,14.147523333333334,67.23408
427636,1535364305.0,211772850.0,14.142413333333334,67.23103166666667
427637,1535364515.0,211772850.0,14.136595,67.22745833333333
427638,1535364606.0,211772850.0,14.134115,67.22592666666667
427639,1535364906.0,211772850.0,14.125721666666667,67.22083333333333
427640,1535365025.0,211772850.0,14.122273333333334,67.21877666666667
427641,1535365145.0,211772850.0,14.118718333333334,67.21669833333333
427642,1535365206.0,211772850.0,14.116873333333332,67.215625
427643,1535365356.0,211772850.0,14.112283333333334,67.21301166666667
427644,1535365505.0,211772850.0,14.107686666666666,67.21040166666667
427645,1535365805.0,211772850.0,14.098198333333332,67.20505833333333
427646,1535365867.0,211772850.0,14.096463333333332,67.203855
427647,1535366075.0,211772850.0,14.090403333333333,67.19972
427648,1535366106.0,211772850.0,14.0895,67.19909833333334
427649,1535366316.0,211772850.0,14.08327,67.19487666666667
427650,1535366408.0,211772850.0,14.080483333333332,67.19301833333333
427651,1535366497.0,211772850.0,14.078011666666669,67.19116
427652,1535366705.0,211772850.0,14.072921666666666,67.18668
427653,1535367006.0,211772850.0,14.066406666666667,67.180535
427654,1535367067.0,211772850.0,14.06508,67.179305
427655,1535367305.0,211772850.0,14.059963333333334,67.17458166666667
427656,1535367427.0,211772850.0,14.057176666666669,67.17214666666666
427657,1535367605.0,211772850.0,14.052925,67.168665
427658,1535367905.0,211772850.0,14.046943333333331,67.16253833333333
427659,1535368115.0,211772850.0,14.04345,67.15812166666667
427660,1535368236.0,211772850.0,14.041435,67.15553166666666
427661,1535369165.0,211772850.0,14.016685,67.13748833333334
427662,1535369288.0,211772850.0,14.014706666666669,67.13633
427663,1535369407.0,211772850.0,14.009396666666667,67.13312166666667
427664,1535369525.0,211772850.0,14.005993333333333,67.13142666666667
427665,1535369616.0,211772850.0,14.003756666666666,67.13002666666667
427666,1535369796.0,211772850.0,13.999205,67.12784833333333
427667,1535370005.0,211772850.0,13.999,67.12790833333334
427668,1535370006.0,211772850.0,13.997006666666667,67.12811
427669,1535370606.0,211772850.0,13.995415,67.12979
427670,1535370902.0,211772850.0,13.996313333333331,67.12747166666666
427671,1535371467.0,211772850.0,13.99079,67.12564333333333
427672,1535371588.0,211772850.0,13.986475,67.12359166666667
427673,1535371768.0,211772850.0,13.980023333333332,67.12056833333334
427674,1535371828.0,211772850.0,13.977851666666666,67.11956
427675,1535409508.0,211772850.0,12.971848333333334,66.38728666666667
427676,1535409627.0,211772850.0,12.971025,66.384765
427677,1535412838.0,211772850.0,12.943703333333334,66.31572833333334
427678,1535412988.0,211772850.0,12.942861666666667,66.31235333333333
427679,1535413918.0,211772850.0,12.940915,66.29171
427680,1535414158.0,211772850.0,12.938016666666666,66.28656333333333
427681,1535503716.0,211772850.0,11.887903333333334,65.21060833333334
427682,1535503779.0,211772850.0,11.886593333333334,65.20930666666666
427683,1535503807.0,211772850.0,11.885946666666667,65.20874666666667
427684,1535503869.0,211772850.0,11.884656666666666,65.207525
427685,1535503956.0,211772850.0,11.882795,65.20576333333334
427686,1535508667.0,211772850.0,11.790893333333331,65.10280833333333
427687,1535508756.0,211772850.0,11.789101666666667,65.10087666666666
427688,1535509116.0,211772850.0,11.782015,65.093435
427689,1535509207.0,211772850.0,11.780311666666666,65.09167333333333
427690,1535509269.0,211772850.0,11.779135,65.09048166666666
427691,1535509359.0,211772850.0,11.777448333333334,65.08879
427692,1535509717.0,211772850.0,11.770543333333332,65.08229833333333
427693,1535509809.0,211772850.0,11.768725,65.08066666666667
427694,1535509896.0,211772850.0,11.766955,65.079135
427695,1535509959.0,211772850.0,11.765666666666666,65.07804666666667
427696,1535510046.0,211772850.0,11.763866666666669,65.076615
427697,1535510106.0,211772850.0,11.762643333333331,65.075605
427698,1535510166.0,211772850.0,11.761365,65.07460166666667
427699,1535510226.0,211772850.0,11.760131666666666,65.07357666666667
427700,1535510316.0,211772850.0,11.758253333333334,65.07202333333333
427701,1535510436.0,211772850.0,11.755821666666666,65.06985833333333
427702,1535510499.0,211772850.0,11.754543333333332,65.068775
427703,1535510589.0,211772850.0,11.752733333333332,65.06718333333333
427704,1535510676.0,211772850.0,11.750946666666668,65.06562666666666
427705,1535510737.0,211772850.0,11.749685,65.06455833333334
427706,1535510828.0,211772850.0,11.747813333333331,65.06297333333333
427707,1535511008.0,211772850.0,11.744148333333332,65.05977166666666
427708,1535511216.0,211772850.0,11.73996,65.05583333333334
427709,1535511276.0,211772850.0,11.738768333333333,65.05467166666666
427710,1535511456.0,211772850.0,11.734801666666666,65.05125833333334
427711,1535511577.0,211772850.0,11.731913333333331,65.048935
427712,1535511609.0,211772850.0,11.731138333333334,65.04831166666666
427713,1535511636.0,211772850.0,11.730475,65.047785
427714,1535511786.0,211772850.0,11.726806666666668,65.04476
427715,1535511998.0,211772850.0,11.72148,65.040385
427716,1535512116.0,211772850.0,11.718488333333331,65.03785166666667
427717,1535512327.0,211772850.0,11.711728333333332,65.03361166666667
427718,1535512506.0,211772850.0,11.70561,65.029995
427719,1535512956.0,211772850.0,11.689423333333334,65.020765
427720,1535513166.0,211772850.0,11.683011666666667,65.01628166666667
427721,1535513707.0,211772850.0,11.653603333333333,65.00946666666667
427722,1535513797.0,211772850.0,11.647883333333333,65.00851
427723,1535513886.0,211772850.0,11.642121666666666,65.00755166666667
427724,1535513976.0,211772850.0,11.636376666666669,65.00647666666667
427725,1535514006.0,211772850.0,11.634461666666668,65.00611833333333
427726,1535514036.0,211772850.0,11.632586666666668,65.00574166666667
427727,1535514217.0,211772850.0,11.621785,65.00336833333333
427728,1535514308.0,211772850.0,11.617041666666667,65.00212333333333
427729,1535514397.0,211772850.0,11.612971666666668,65.00084666666666
427730,1535514457.0,211772850.0,11.610655,64.99972166666667
427731,1535514547.0,211772850.0,11.607333333333331,64.99804
427732,1535514606.0,211772850.0,11.60511,64.99691833333333
427733,1535514877.0,211772850.0,11.596405,64.991155
427734,1535514936.0,211772850.0,11.595006666666666,64.98976833333333
427735,1535515478.0,211772850.0,11.582663333333333,64.97772
427736,1535515538.0,211772850.0,11.582138333333331,64.97641333333333
427737,1535515627.0,211772850.0,11.581715,64.97450833333333
427738,1535515686.0,211772850.0,11.581491666666668,64.97323833333333
427739,1535515746.0,211772850.0,11.581301666666668,64.971975
427740,1535515807.0,211772850.0,11.581108333333331,64.97073
427741,1535515867.0,211772850.0,11.581065,64.96952
427742,1535515927.0,211772850.0,11.581076666666666,64.96831166666666
427743,1535516016.0,211772850.0,11.581071666666666,64.966545
427744,1535516108.0,211772850.0,11.581038333333334,64.96592833333334
427745,1535516166.0,211772850.0,11.58104,64.96362333333333
427746,1535516196.0,211772850.0,11.581048333333332,64.96299833333333
427747,1535518326.0,211772850.0,11.561765,64.95950333333333
427748,1535518416.0,211772850.0,11.556433333333333,64.95940666666667
427749,1535518477.0,211772850.0,11.552828333333334,64.95935166666666
427750,1535518508.0,211772850.0,11.551001666666666,64.95931
427751,1535519077.0,211772850.0,11.518468333333333,64.955605
427752,1535519106.0,211772850.0,11.516975,64.95528833333333
427753,1535519256.0,211772850.0,11.50946,64.95358
427754,1535519408.0,211772850.0,11.502271666666667,64.95160333333334
427755,1535520246.0,211772850.0,11.461358333333331,64.94158666666667
427756,1535520306.0,211772850.0,11.458281666666666,64.94099666666666
427757,1535520516.0,211772850.0,11.448345,64.93851333333333
427758,1535520606.0,211772850.0,11.444095,64.93743
427759,1535520788.0,211772850.0,11.435963333333332,64.934935
427760,1535520908.0,211772850.0,11.430788333333334,64.93318333333333
427761,1535521206.0,211772850.0,11.417711666666667,64.92881
427762,1535521356.0,211772850.0,11.411983333333334,64.92627
427763,1535521507.0,211772850.0,11.406225,64.92349666666667
427764,1535521806.0,211772850.0,11.39467,64.91828166666667
427765,1535522016.0,211772850.0,11.384645,64.914915
427766,1535522047.0,211772850.0,11.383153333333333,64.914445
427767,1535522106.0,211772850.0,11.380403333333334,64.91353833333334
427768,1535522407.0,211772850.0,11.366388333333331,64.90910166666667
427769,1535522616.0,211772850.0,11.356478333333332,64.90604333333333
427770,1535522707.0,211772850.0,11.352188333333334,64.90471
427771,1535523008.0,211772850.0,11.339486666666666,64.899875
427772,1535523156.0,211772850.0,11.333393333333332,64.897465
427773,1535523246.0,211772850.0,11.329838333333331,64.89595833333334
427774,1535523306.0,211772850.0,11.327498333333333,64.89498666666667
427775,1535523546.0,211772850.0,11.318335,64.89087666666667
427776,1535523606.0,211772850.0,11.315903333333331,64.88982333333334
427777,1535523666.0,211772850.0,11.313541666666667,64.88872166666667
427778,1535523757.0,211772850.0,11.309885,64.88705166666666
427779,1535523907.0,211772850.0,11.303933333333331,64.88445833333333
427780,1535523997.0,211772850.0,11.300141666666669,64.88294166666667
427781,1535524206.0,211772850.0,11.29141,64.87944666666667
427782,1535524359.0,211772850.0,11.28469,64.87718833333334
427783,1535524506.0,211772850.0,11.278103333333334,64.87515833333333
427784,1535524538.0,211772850.0,11.276741666666666,64.87470166666667
427785,1535524807.0,211772850.0,11.265468333333333,64.87047
427786,1535525018.0,211772850.0,11.257401666666668,64.867205
427787,1535525106.0,211772850.0,11.254383333333331,64.86583166666667
427788,1535525408.0,211772850.0,11.24223,64.86119166666667
427789,1535525496.0,211772850.0,11.239148333333333,64.85965666666667
427790,1535525556.0,211772850.0,11.236873333333332,64.85881833333333
427791,1535525618.0,211772850.0,11.234483333333332,64.85877
427792,1535525706.0,211772850.0,11.233505,64.85824333333333
427793,1535525768.0,211772850.0,11.231521666666668,64.85773333333333
427794,1535525826.0,211772850.0,11.229233333333331,64.85835833333333
427795,1535525948.0,211772850.0,11.229371666666667,64.86038166666667
427796,1535526009.0,211772850.0,11.228895,64.86085333333334
427797,1535526340.0,211772850.0,11.228883333333334,64.86087333333333
427798,1535526696.0,211772850.0,11.228863333333331,64.86087333333333
427799,1535657345.0,211772850.0,11.229508333333332,64.86039833333334
427800,1535657406.0,211772850.0,11.22859,64.859605
427801,1535657497.0,211772850.0,11.227426666666666,64.858605
427802,1535657583.0,211772850.0,11.226926666666667,64.85838833333334
427803,1535657703.0,211772850.0,11.226873333333334,64.85840333333333
427804,1535657882.0,211772850.0,11.226868333333334,64.85839333333334
427805,1535658062.0,211772850.0,11.22685,64.85839333333334
427806,1535658214.0,211772850.0,11.228085,64.85838833333334
427807,1535658297.0,211772850.0,11.229626666666666,64.85749833333334
427808,1535658328.0,211772850.0,11.228935,64.85690666666666
427809,1535658359.0,211772850.0,11.22822,64.85634
427810,1535658388.0,211772850.0,11.227505,64.855775
427811,1535658448.0,211772850.0,11.225831666666666,64.85465166666667
427812,1535658507.0,211772850.0,11.223965,64.853625
427813,1535658597.0,211772850.0,11.22117,64.85210166666667
427814,1535658627.0,211772850.0,11.220241666666666,64.85158666666666
427815,1535658658.0,211772850.0,11.219291666666669,64.851075
427816,1535658717.0,211772850.0,11.21748,64.85010166666666
427817,1535658778.0,211772850.0,11.215548333333333,64.84904833333333
427818,1535658867.0,211772850.0,11.212315,64.84760333333334
427819,1535658930.0,211772850.0,11.210025,64.84661166666666
427820,1535659018.0,211772850.0,11.206525,64.84533333333333
427821,1535659077.0,211772850.0,11.204316666666667,64.84442166666666
427822,1535659138.0,211772850.0,11.202121666666669,64.84340833333333
427823,1535659198.0,211772850.0,11.2001,64.84232166666666
427824,1535659228.0,211772850.0,11.199103333333332,64.84178166666666
427825,1535659258.0,211772850.0,11.198135,64.84125
427826,1535659318.0,211772850.0,11.196033333333334,64.84019666666667
427827,1535659407.0,211772850.0,11.193001666666667,64.838655
427828,1535659467.0,211772850.0,11.190811666666669,64.83761333333334
427829,1535659500.0,211772850.0,11.189481666666667,64.837065
427830,1535659557.0,211772850.0,11.187251666666668,64.83614
427831,1535659647.0,211772850.0,11.183615,64.83471666666667
427832,1535659707.0,211772850.0,11.18119,64.83375666666667
427833,1535659799.0,211772850.0,11.177418333333334,64.832265
427834,1535659828.0,211772850.0,11.1762,64.8318
427835,1535659860.0,211772850.0,11.174835,64.83126333333334
427836,1535659947.0,211772850.0,11.171195,64.82983333333334
427837,1535660039.0,211772850.0,11.167418333333334,64.82834333333334
427838,1535660128.0,211772850.0,11.163896666666666,64.82691833333334
427839,1535660248.0,211772850.0,11.159195,64.824975
427840,1535660337.0,211772850.0,11.155736666666666,64.82352
427841,1535660462.0,211772850.0,11.15084,64.82149666666666
427842,1535660639.0,211772850.0,11.143861666666666,64.81861166666667
427843,1535661238.0,211772850.0,11.121063333333334,64.80920333333333
427844,1535661448.0,211772850.0,11.113336666666669,64.80601833333333
427845,1535661657.0,211772850.0,11.105806666666666,64.80275
427846,1535661748.0,211772850.0,11.102715,64.80134666666666
427847,1535662018.0,211772850.0,11.096613333333334,64.800215
427848,1535705671.0,211772850.0,9.946405,63.99843
427849,1535705698.0,211772850.0,9.94538,63.99794166666667
427850,1535705730.0,211772850.0,9.944151666666668,63.997335
427851,1535705967.0,211772850.0,9.935146666666666,63.99306166666667
427852,1535706148.0,211772850.0,9.92832,63.989865
427853,1535706328.0,211772850.0,9.923066666666667,63.98619833333333
427854,1535706388.0,211772850.0,9.921645,63.98487833333333
427855,1535706568.0,211772850.0,9.917171666666666,63.98087833333334
427856,1535706657.0,211772850.0,9.914998333333331,63.97889
427857,1535706718.0,211772850.0,9.913403333333331,63.9775
427858,1535706838.0,211772850.0,9.910296666666667,63.974743333333336
427859,1535706898.0,211772850.0,9.908698333333334,63.97338333333333
427860,1535706929.0,211772850.0,9.907853333333334,63.972685
427861,1535706958.0,211772850.0,9.907065,63.97202166666667
427862,1535707047.0,211772850.0,9.904661666666666,63.97001333333333
427863,1535707109.0,211772850.0,9.902993333333333,63.96863833333333
427864,1535707227.0,211772850.0,9.899891666666669,63.96613166666667
427865,1535707498.0,211772850.0,9.893198333333334,63.96046666666667
427866,1535707528.0,211772850.0,9.892475,63.95982833333333
427867,1535707588.0,211772850.0,9.890908333333334,63.958545
427868,1535707737.0,211772850.0,9.887121666666667,63.95534
427869,1535707769.0,211772850.0,9.886298333333333,63.954656666666665
427870,1535707800.0,211772850.0,9.885505,63.953986666666665
427871,1535707918.0,211772850.0,9.882401666666668,63.95142
427872,1535708009.0,211772850.0,9.879976666666666,63.949441666666665
427873,1535708097.0,211772850.0,9.87744,63.947561666666665
427874,1535708130.0,211772850.0,9.876351666666666,63.94687
427875,1535708309.0,211772850.0,9.871253333333334,63.94291833333333
427876,1535708427.0,211772850.0,9.868501666666669,63.940845
427877,1535708488.0,211772850.0,9.868166666666667,63.94051833333333
427878,1535708548.0,211772850.0,9.868061666666666,63.94031666666667
427879,1535708609.0,211772850.0,9.867943333333333,63.94016166666667
427880,1535708789.0,211772850.0,9.867915,63.93973166666667
427881,1535708964.0,211772850.0,9.86017,63.93727
427882,1535709024.0,211772850.0,9.856885,63.9367
427883,1535709144.0,211772850.0,9.850121666666666,63.93589333333333
427884,1535709235.0,211772850.0,9.844918333333334,63.93533333333333
427885,1535709324.0,211772850.0,9.840073333333333,63.93438666666667
427886,1535709384.0,211772850.0,9.836838333333333,63.93371333333333
427887,1535709444.0,211772850.0,9.8338,63.932878333333335
427888,1535709505.0,211772850.0,9.830735,63.932055
427889,1535709564.0,211772850.0,9.828345,63.93096166666667
427890,1535709624.0,211772850.0,9.82656,63.92964833333333
427891,1535709745.0,211772850.0,9.824376666666666,63.929051666666666
427892,1535709776.0,211772850.0,9.824191666666668,63.92903833333333
427893,1535710044.0,211772850.0,9.822305,63.92894
427894,1535710189.0,211772850.0,9.816473333333333,63.927863333333335
427895,1535710279.0,211772850.0,9.811913333333331,63.92659
427896,1535710429.0,211772850.0,9.804958333333332,63.92407833333333
427897,1535710489.0,211772850.0,9.802503333333334,63.92304333333333
427898,1535710550.0,211772850.0,9.799996666666669,63.92202
427899,1535710789.0,211772850.0,9.794023333333334,63.91953
427900,1535710820.0,211772850.0,9.793965,63.91948666666666
427901,1535710852.0,211772850.0,9.793828333333334,63.91946166666666
427902,1535711116.0,211772850.0,9.788216666666669,63.91691333333333
427903,1535711416.0,211772850.0,9.778695,63.910356666666665
427904,1535711477.0,211772850.0,9.77685,63.90898333333333
427905,1535711566.0,211772850.0,9.774081666666667,63.907001666666666
427906,1535711714.0,211772850.0,9.769288333333334,63.90373
427907,1535711744.0,211772850.0,9.768285,63.90308
427908,1535711775.0,211772850.0,9.767256666666666,63.90240333333333
427909,1535711836.0,211772850.0,9.765188333333333,63.901105
427910,1535711925.0,211772850.0,9.76216,63.899186666666665
427911,1535711985.0,211772850.0,9.760096666666668,63.89789833333333
427912,1535712044.0,211772850.0,9.758048333333331,63.89662666666667
427913,1535712134.0,211772850.0,9.754885,63.894725
427914,1535712345.0,211772850.0,9.751718333333333,63.89034333333333
427915,1535712435.0,211772850.0,9.748021666666666,63.88870166666667
427916,1535712525.0,211772850.0,9.744318333333334,63.88705
427917,1535712586.0,211772850.0,9.741778333333333,63.88592333333333
427918,1535712614.0,211772850.0,9.740631666666667,63.885405
427919,1535712646.0,211772850.0,9.739326666666669,63.88482333333334
427920,1535712705.0,211772850.0,9.736906666666666,63.88373333333333
427921,1535712885.0,211772850.0,9.729458333333334,63.880498333333335
427922,1535712917.0,211772850.0,9.72813,63.87991333333333
427923,1535713064.0,211772850.0,9.722,63.87726666666666
427924,1535713185.0,211772850.0,9.716878333333334,63.875095
427925,1535713245.0,211772850.0,9.714316666666669,63.87402166666666
427926,1535713305.0,211772850.0,9.711791666666668,63.87293666666667
427927,1535713397.0,211772850.0,9.707931666666669,63.87129166666666
427928,1535713484.0,211772850.0,9.70436,63.86969833333333
427929,1535713574.0,211772850.0,9.700705,63.86804
427930,1535713634.0,211772850.0,9.698231666666668,63.866925
427931,1535713755.0,211772850.0,9.69318,63.86468166666667
427932,1535713904.0,211772850.0,9.686956666666669,63.861916666666666
427933,1535713964.0,211772850.0,9.684468333333331,63.8608
427934,1535714204.0,211772850.0,9.674496666666666,63.8564
427935,1535714325.0,211772850.0,9.669475,63.85422666666667
427936,1535714384.0,211772850.0,9.666995,63.85319
427937,1535714446.0,211772850.0,9.66439,63.852085
427938,1535714744.0,211772850.0,9.652118333333334,63.846795
427939,1535714927.0,211772850.0,9.644745,63.84359666666667
427940,1535715254.0,211772850.0,9.632373333333334,63.83745166666667
427941,1535715375.0,211772850.0,9.627971666666667,63.83517
427942,1535715438.0,211772850.0,9.62568,63.83397
427943,1535715616.0,211772850.0,9.619358333333333,63.83065166666667
427944,1535715764.0,211772850.0,9.613978333333334,63.82778666666667
427945,1535715824.0,211772850.0,9.61175,63.82661333333333
427946,1535715885.0,211772850.0,9.60952,63.825406666666666
427947,1535715915.0,211772850.0,9.608365,63.82483666666667
427948,1535716037.0,211772850.0,9.603853333333332,63.822465
427949,1535716126.0,211772850.0,9.600536666666668,63.820726666666665
427950,1535716245.0,211772850.0,9.596393333333332,63.81827833333333
427951,1535716334.0,211772850.0,9.59361,63.81633166666666
427952,1535716514.0,211772850.0,9.58792,63.812446666666666
427953,1535716545.0,211772850.0,9.586938333333332,63.81178333333333
427954,1535716605.0,211772850.0,9.58497,63.810498333333335
427955,1535716814.0,211772850.0,9.578468333333332,63.80594333333333
427956,1535716904.0,211772850.0,9.575806666666669,63.80394
427957,1535717114.0,211772850.0,9.56943,63.799326666666666
427958,1535717205.0,211772850.0,9.566608333333331,63.79730166666667
427959,1535717327.0,211772850.0,9.56275,63.79454
427960,1535717445.0,211772850.0,9.559105,63.79193
427961,1535717624.0,211772850.0,9.553833333333332,63.78812333333333
427962,1535717716.0,211772850.0,9.552208333333333,63.786635
427963,1535717834.0,211772850.0,9.550381666666668,63.784835
427964,1535717864.0,211772850.0,9.549855,63.78438833333333
427965,1535718015.0,211772850.0,9.547443333333334,63.782111666666665
427966,1535718227.0,211772850.0,9.544341666666666,63.77948166666667
427967,1535718314.0,211772850.0,9.542676666666669,63.778351666666666
427968,1535718616.0,211772850.0,9.536706666666667,63.774411666666666
427969,1535718736.0,211772850.0,9.534328333333333,63.77291
427970,1535718884.0,211772850.0,9.531258333333334,63.771045
427971,1535718944.0,211772850.0,9.529963333333331,63.770291666666665
427972,1535719006.0,211772850.0,9.528563333333333,63.769488333333335
427973,1535719067.0,211772850.0,9.527203333333333,63.76873833333333
427974,1535719215.0,211772850.0,9.523545,63.76675333333333
427975,1535719306.0,211772850.0,9.521055,63.76543
427976,1535719544.0,211772850.0,9.514553333333334,63.76193166666667
427977,1535719604.0,211772850.0,9.51314,63.76112666666667
427978,1535719814.0,211772850.0,9.508026666666666,63.75783666666667
427979,1535720055.0,211772850.0,9.502178333333331,63.754158333333336
427980,1535720115.0,211772850.0,9.500618333333334,63.75326333333334
427981,1535720354.0,211772850.0,9.493841666666668,63.749395
427982,1535720416.0,211772850.0,9.491928333333334,63.748305
427983,1535720657.0,211772850.0,9.485075,63.74438333333333
427984,1535720717.0,211772850.0,9.483363333333331,63.74343
427985,1535720955.0,211772850.0,9.47619,63.739756666666665
427986,1535721045.0,211772850.0,9.473018333333334,63.73817833333333
427987,1535721105.0,211772850.0,9.470918333333334,63.73716
427988,1535721585.0,211772850.0,9.45378,63.72917833333333
427989,1535721675.0,211772850.0,9.450631666666666,63.7277
427990,1535721945.0,211772850.0,9.441338333333332,63.72317833333334
427991,1535722066.0,211772850.0,9.437048333333331,63.72123833333333
427992,1535722214.0,211772850.0,9.431913333333334,63.71894
427993,1535722335.0,211772850.0,9.427565,63.71699
427994,1535722395.0,211772850.0,9.4253,63.715988333333335
427995,1535722605.0,211772850.0,9.417258333333333,63.71261333333333
427996,1535722725.0,211772850.0,9.413931666666668,63.710501666666666
427997,1535722814.0,211772850.0,9.41163,63.70887333333334
427998,1535723114.0,211772850.0,9.403306666666667,63.70308
427999,1535723204.0,211772850.0,9.399953333333332,63.70133333333333
428000,1535723324.0,211772850.0,9.395695,63.699
428001,1535723474.0,211772850.0,9.390246666666666,63.69602666666667
428002,1535755904.0,211772850.0,8.087705,63.25371166666667
428003,1535755995.0,211772850.0,8.083623333333334,63.25279166666667
428004,1535756144.0,211772850.0,8.076963333333333,63.251335
428005,1535756265.0,211772850.0,8.071531666666667,63.25013
428006,1535756596.0,211772850.0,8.056581666666666,63.246878333333335
428007,1535756685.0,211772850.0,8.052598333333334,63.246001666666665
428008,1535756898.0,211772850.0,8.043225,63.24391333333333
428009,1535757016.0,211772850.0,8.038126666666667,63.24272666666667
428010,1535757584.0,211772850.0,8.013455,63.23722333333333
428011,1535757615.0,211772850.0,8.012133333333333,63.23692166666667
428012,1535757645.0,211772850.0,8.010855,63.23663166666667
428013,1535757736.0,211772850.0,8.00698,63.23574
428014,1535757855.0,211772850.0,8.00193,63.23452833333333
428015,1535758005.0,211772850.0,7.995541666666667,63.23301666666666
428016,1535758064.0,211772850.0,7.993053333333333,63.23239
428017,1535758187.0,211772850.0,7.987816666666666,63.23110333333333
428018,1535758216.0,211772850.0,7.986578333333333,63.230808333333336
428019,1535758274.0,211772850.0,7.984138333333333,63.230223333333335
428020,1535758395.0,211772850.0,7.979061666666666,63.22895
428021,1535758454.0,211772850.0,7.97664,63.228275
428022,1535758695.0,211772850.0,7.966573333333334,63.22549166666667
428023,1535758756.0,211772850.0,7.96401,63.22477166666667
428024,1535758817.0,211772850.0,7.961385,63.22411
428025,1535758994.0,211772850.0,7.953613333333333,63.222435
428026,1535759055.0,211772850.0,7.950953333333333,63.22184333333333
428027,1535759114.0,211772850.0,7.948368333333334,63.22128166666667
428028,1535759206.0,211772850.0,7.944288333333334,63.220415
428029,1535759326.0,211772850.0,7.938971666666666,63.219258333333336
428030,1535759445.0,211772850.0,7.933661666666667,63.218115
428031,1535759507.0,211772850.0,7.930891666666667,63.21751833333333
428032,1535759595.0,211772850.0,7.926956666666666,63.21667166666667
428033,1535759655.0,211772850.0,7.924261666666666,63.21611166666667
428034,1535759714.0,211772850.0,7.921638333333333,63.21552833333333
428035,1535759837.0,211772850.0,7.916551666666667,63.21431
428036,1535759925.0,211772850.0,7.912975,63.21344666666667
428037,1535759987.0,211772850.0,7.910483333333333,63.212831666666666
428038,1535760016.0,211772850.0,7.909366666666667,63.21255
428039,1535760074.0,211772850.0,7.90714,63.21199666666666
428040,1535760165.0,211772850.0,7.903563333333333,63.211115
428041,1535760226.0,211772850.0,7.901156666666667,63.21053666666667
428042,1535760318.0,211772850.0,7.897496666666667,63.209678333333336
428043,1535760404.0,211772850.0,7.894181666666666,63.20888833333333
428044,1535760495.0,211772850.0,7.890686666666666,63.208036666666665
428045,1535760555.0,211772850.0,7.888365,63.20749333333333
428046,1535760585.0,211772850.0,7.88722,63.20722333333333
428047,1535760644.0,211772850.0,7.884978333333334,63.20668833333333
428048,1535760707.0,211772850.0,7.882526666666666,63.20608166666667
428049,1535760804.0,211772850.0,7.878498333333333,63.20540333333334
428050,1535760944.0,211772850.0,7.872581666666667,63.20454
428051,1535761036.0,211772850.0,7.869088333333333,63.20356833333334
428052,1535761125.0,211772850.0,7.865753333333333,63.20265
428053,1535761184.0,211772850.0,7.863536666666667,63.20204833333333
428054,1535761216.0,211772850.0,7.862333333333333,63.20172166666666
428055,1535761245.0,211772850.0,7.861243333333333,63.20143
428056,1535761306.0,211772850.0,7.858968333333333,63.200813333333336
428057,1535761394.0,211772850.0,7.85567,63.19992166666667
428058,1535761455.0,211772850.0,7.853365,63.19930333333333
428059,1535761514.0,211772850.0,7.851098333333334,63.19871333333333
428060,1535761545.0,211772850.0,7.849905,63.1984
428061,1535761668.0,211772850.0,7.845146666666666,63.19715166666667
428062,1535761785.0,211772850.0,7.840565,63.195985
428063,1535761816.0,211772850.0,7.839346666666667,63.195675
428064,1535761847.0,211772850.0,7.838135,63.19536
428065,1535761966.0,211772850.0,7.833736666666667,63.194
428066,1535762055.0,211772850.0,7.830491666666667,63.19298
428067,1535762115.0,211772850.0,7.828285,63.19231
428068,1535762175.0,211772850.0,7.826065,63.19163833333333
428069,1535762266.0,211772850.0,7.822625,63.19063
428070,1535762354.0,211772850.0,7.819228333333333,63.18970333333333
428071,1535762415.0,211772850.0,7.81676,63.189175
428072,1535762475.0,211772850.0,7.814301666666666,63.18867
428073,1535762505.0,211772850.0,7.813065,63.18842166666666
428074,1535762535.0,211772850.0,7.81182,63.188165
428075,1535762597.0,211772850.0,7.809251666666666,63.18764
428076,1535762687.0,211772850.0,7.805511666666667,63.186906666666665
428077,1535762715.0,211772850.0,7.804363333333334,63.18668666666667
428078,1535762777.0,211772850.0,7.801798333333333,63.186218333333336
428079,1535762895.0,211772850.0,7.796866666666666,63.18531333333333
428080,1535762986.0,211772850.0,7.79359,63.18435333333333
428081,1535763014.0,211772850.0,7.792633333333334,63.184041666666666
428082,1535763074.0,211772850.0,7.790528333333333,63.183385
428083,1535763134.0,211772850.0,7.788366666666667,63.182705
428084,1535763224.0,211772850.0,7.78506,63.18166333333333
428085,1535763314.0,211772850.0,7.781665,63.18058
428086,1535763405.0,211772850.0,7.778176666666667,63.17942666666666
428087,1535763435.0,211772850.0,7.777041666666666,63.17903666666667
428088,1535763465.0,211772850.0,7.775913333333333,63.17863666666667
428089,1535763556.0,211772850.0,7.772548333333333,63.17742333333333
428090,1535763615.0,211772850.0,7.770381666666666,63.17662833333333
428091,1535763646.0,211772850.0,7.769241666666667,63.17621166666667
428092,1535763739.0,211772850.0,7.765758333333333,63.17498166666667
428093,1535763824.0,211772850.0,7.762473333333333,63.173883333333336
428094,1535763855.0,211772850.0,7.761236666666667,63.17352
428095,1535763887.0,211772850.0,7.759973333333333,63.173135
428096,1535763915.0,211772850.0,7.758883333333333,63.17281333333333
428097,1535763975.0,211772850.0,7.756501666666667,63.172113333333336
428098,1535764185.0,211772850.0,7.748021666666666,63.16965
428099,1535764214.0,211772850.0,7.74683,63.16932
428100,1535764364.0,211772850.0,7.740713333333333,63.16761666666667
428101,1535764396.0,211772850.0,7.739463333333333,63.16725
428102,1535764486.0,211772850.0,7.735956666666667,63.16621333333333
428103,1535764518.0,211772850.0,7.734708333333334,63.16584666666667
428104,1535764545.0,211772850.0,7.73366,63.16552166666666
428105,1535764606.0,211772850.0,7.731256666666667,63.164805
428106,1535764665.0,211772850.0,7.728923333333333,63.164115
428107,1535764725.0,211772850.0,7.726548333333334,63.16340666666667
428108,1535764787.0,211772850.0,7.724098333333333,63.16267333333333
428109,1535764816.0,211772850.0,7.72295,63.16234333333333
428110,1535764878.0,211772850.0,7.720518333333334,63.16162
428111,1535765026.0,211772850.0,7.714736666666667,63.159875
428112,1535765119.0,211772850.0,7.711053333333333,63.158748333333335
428113,1535765205.0,211772850.0,7.707588333333334,63.15773333333333
428114,1535765266.0,211772850.0,7.705118333333333,63.157015
428115,1535765297.0,211772850.0,7.703871666666666,63.156643333333335
428116,1535765360.0,211772850.0,7.701341666666667,63.15591
428117,1535765415.0,211772850.0,7.699103333333333,63.155255
428118,1535765505.0,211772850.0,7.695508333333334,63.15423333333333
428119,1535765569.0,211772850.0,7.692933333333333,63.153513333333336
428120,1535765656.0,211772850.0,7.689411666666666,63.15254333333333
428121,1535765715.0,211772850.0,7.687011666666667,63.151871666666665
428122,1535765745.0,211772850.0,7.685793333333334,63.15153
428123,1535765805.0,211772850.0,7.683378333333334,63.15087333333334
428124,1535765866.0,211772850.0,7.680943333333333,63.15025
428125,1535766015.0,211772850.0,7.674991666666667,63.14872666666667
428126,1535766165.0,211772850.0,7.668958333333333,63.14716833333333
428127,1535766285.0,211772850.0,7.664108333333333,63.14593
428128,1535766315.0,211772850.0,7.66289,63.14561333333333
428129,1535766555.0,211772850.0,7.653095,63.14298333333333
428130,1535766616.0,211772850.0,7.650611666666666,63.14228833333333
428131,1535766796.0,211772850.0,7.643293333333333,63.140155
428132,1535766857.0,211772850.0,7.640843333333334,63.13944666666666
428133,1535766945.0,211772850.0,7.637331666666666,63.138421666666666
428134,1535767006.0,211772850.0,7.634886666666667,63.13773333333334
428135,1535767095.0,211772850.0,7.631353333333333,63.13670666666667
428136,1535767186.0,211772850.0,7.627738333333333,63.13561
428137,1535767214.0,211772850.0,7.626606666666666,63.13526
428138,1535767245.0,211772850.0,7.625375,63.134875
428139,1535767275.0,211772850.0,7.62418,63.13450666666667
428140,1535767336.0,211772850.0,7.62174,63.13376333333333
428141,1535767426.0,211772850.0,7.6181,63.13266
428142,1535767514.0,211772850.0,7.614573333333333,63.13156166666667
428143,1535767574.0,211772850.0,7.612153333333333,63.13082666666666
428144,1535767635.0,211772850.0,7.609691666666666,63.13008166666667
428145,1535767696.0,211772850.0,7.607261666666667,63.12933666666667
428146,1535767815.0,211772850.0,7.602538333333333,63.127876666666666
428147,1535767908.0,211772850.0,7.598861666666667,63.126738333333336
428148,1535767995.0,211772850.0,7.595466666666667,63.125655
428149,1535768055.0,211772850.0,7.593098333333334,63.124905
428150,1535768115.0,211772850.0,7.590745,63.12416833333333
428151,1535768235.0,211772850.0,7.585928333333333,63.122663333333335
428152,1535768325.0,211772850.0,7.58235,63.12153666666666
428153,1535768387.0,211772850.0,7.579903333333333,63.12075166666666
428154,1535768415.0,211772850.0,7.578785,63.12039333333333
428155,1535768474.0,211772850.0,7.57642,63.119643333333336
428156,1535768534.0,211772850.0,7.574016666666667,63.11889
428157,1535768594.0,211772850.0,7.57157,63.11814833333333
428158,1535768655.0,211772850.0,7.569086666666666,63.11738166666667
428159,1535768745.0,211772850.0,7.565411666666667,63.11622
428160,1535768805.0,211772850.0,7.562966666666667,63.11543
428161,1535768865.0,211772850.0,7.560485,63.11465833333333
428162,1535768955.0,211772850.0,7.556705,63.11351833333333
428163,1535769014.0,211772850.0,7.55421,63.112755
428164,1535769075.0,211772850.0,7.55162,63.11197
428165,1535769137.0,211772850.0,7.549033333333333,63.111176666666665
428166,1535769224.0,211772850.0,7.545371666666667,63.110063333333336
428167,1535769284.0,211772850.0,7.542818333333333,63.10930166666667
428168,1535769315.0,211772850.0,7.541493333333333,63.108905
428169,1535769375.0,211772850.0,7.53891,63.108138333333336
428170,1535769436.0,211772850.0,7.53631,63.10736333333333
428171,1535769525.0,211772850.0,7.532496666666667,63.10623833333333
428172,1535769585.0,211772850.0,7.529913333333333,63.10547
428173,1535769614.0,211772850.0,7.528638333333333,63.10510666666666
428174,1535769644.0,211772850.0,7.527333333333333,63.10472666666666
428175,1535769705.0,211772850.0,7.524711666666667,63.10395333333334
428176,1535769766.0,211772850.0,7.52214,63.10315666666666
428177,1535769858.0,211772850.0,7.51827,63.101945
428178,1535769915.0,211772850.0,7.515921666666666,63.101185
428179,1535769944.0,211772850.0,7.514708333333333,63.10081
428180,1535770037.0,211772850.0,7.51075,63.09957333333333
428181,1535770125.0,211772850.0,7.506985,63.09842166666667
428182,1535770216.0,211772850.0,7.503131666666666,63.097265
428183,1535770276.0,211772850.0,7.500631666666667,63.09648833333333
428184,1535770365.0,211772850.0,7.496916666666666,63.095373333333335
428185,1535770427.0,211772850.0,7.49429,63.094593333333336
428186,1535770515.0,211772850.0,7.490595,63.09350166666667
428187,1535770574.0,211772850.0,7.488141666666666,63.092756666666666
428188,1535770636.0,211772850.0,7.485585,63.091975
428189,1535770695.0,211772850.0,7.483155,63.09124333333333
428190,1535770757.0,211772850.0,7.480541666666666,63.09046833333333
428191,1535770815.0,211772850.0,7.478095,63.089731666666665
428192,1535770849.0,211772850.0,7.476645,63.08931166666667
428193,1535770938.0,211772850.0,7.472933333333334,63.088215
428194,1535771055.0,211772850.0,7.46818,63.08677
428195,1535771085.0,211772850.0,7.466968333333333,63.0864
428196,1535771115.0,211772850.0,7.465743333333333,63.08604
428197,1535771236.0,211772850.0,7.46093,63.08454
428198,1535771414.0,211772850.0,7.453808333333333,63.08238333333333
428199,1535771475.0,211772850.0,7.451381666666666,63.08167666666667
428200,1535771654.0,211772850.0,7.444323333333333,63.079591666666666
428201,1535771716.0,211772850.0,7.441905,63.07885
428202,1535772015.0,211772850.0,7.430191666666666,63.07521666666667
428203,1535772045.0,211772850.0,7.428938333333333,63.07484
428204,1535772080.0,211772850.0,7.42751,63.074403333333336
428205,1535772166.0,211772850.0,7.423963333333333,63.07331666666666
428206,1535772258.0,211772850.0,7.420148333333334,63.07214166666667
428207,1535772345.0,211772850.0,7.416625,63.07103166666667
428208,1535772495.0,211772850.0,7.41038,63.069165
428209,1535772557.0,211772850.0,7.407751666666667,63.06841333333333
428210,1535772614.0,211772850.0,7.40497,63.068085
428211,1535772647.0,211772850.0,7.403286666666666,63.06795
428212,1535772737.0,211772850.0,7.398926666666667,63.06735166666667
428213,1535772856.0,211772850.0,7.393293333333333,63.06658166666666
428214,1535772915.0,211772850.0,7.390465,63.06620333333333
428215,1535772976.0,211772850.0,7.387585,63.065825
428216,1535773065.0,211772850.0,7.383345,63.06520666666667
428217,1535773125.0,211772850.0,7.380476666666667,63.06476833333333
428218,1535773214.0,211772850.0,7.37629,63.064103333333335
428219,1535773275.0,211772850.0,7.373396666666666,63.06362166666667
428220,1535773338.0,211772850.0,7.370403333333333,63.063143333333336
428221,1535773428.0,211772850.0,7.366105,63.06245666666667
428222,1535773514.0,211772850.0,7.361955,63.06197333333333
428223,1535773577.0,211772850.0,7.359111666666666,63.061301666666665
428224,1535773666.0,211772850.0,7.35509,63.06036666666667
428225,1535773789.0,211772850.0,7.349665,63.05905333333333
428226,1535773816.0,211772850.0,7.348493333333334,63.05876333333333
428227,1535773876.0,211772850.0,7.345855,63.05810833333334
428228,1535773905.0,211772850.0,7.344583333333333,63.057793333333336
428229,1535773965.0,211772850.0,7.341851666666667,63.057215
428230,1535774025.0,211772850.0,7.338841666666666,63.056983333333335
428231,1535774114.0,211772850.0,7.334425,63.05664333333333
428232,1535774204.0,211772850.0,7.329925,63.056295
428233,1535774295.0,211772850.0,7.325366666666667,63.055935
428234,1535774356.0,211772850.0,7.322325,63.05565833333333
428235,1535774716.0,211772850.0,7.305101666666666,63.05376166666667
428236,1535774835.0,211772850.0,7.29945,63.052995
428237,1535774865.0,211772850.0,7.298053333333334,63.05278666666667
428238,1535774924.0,211772850.0,7.295226666666666,63.052385
428239,1535775044.0,211772850.0,7.289588333333334,63.051645
428240,1535775135.0,211772850.0,7.28537,63.050781666666666
428241,1535775314.0,211772850.0,7.277025,63.04906666666667
428242,1535775404.0,211772850.0,7.273203333333333,63.048226666666665
428243,1535775465.0,211772850.0,7.270543333333333,63.047645
428244,1535775914.0,211772850.0,7.250948333333333,63.04347666666666
428245,1535775974.0,211772850.0,7.248236666666667,63.042915
428246,1535776576.0,211772850.0,7.220596666666666,63.03714166666666
428247,1535776694.0,211772850.0,7.214955,63.03600333333333
428248,1535777236.0,211772850.0,7.18928,63.03067
428249,1535777295.0,211772850.0,7.18636,63.030105
428250,1535777745.0,211772850.0,7.164975,63.02618666666667
428251,1535777834.0,211772850.0,7.160688333333334,63.02534666666666
428252,1535777894.0,211772850.0,7.157675,63.024745
428253,1535792235.0,211772850.0,6.6418783333333336,62.822855
428254,1535792296.0,211772850.0,6.640125,62.82165833333333
428255,1535792416.0,211772850.0,6.63666,62.81931333333333
428256,1535792625.0,211772850.0,6.630586666666667,62.815151666666665
428257,1535792684.0,211772850.0,6.6288366666666665,62.81397666666667
428258,1535792714.0,211772850.0,6.627933333333333,62.81336
428259,1535792746.0,211772850.0,6.62696,62.81272333333333
428260,1535792807.0,211772850.0,6.625123333333334,62.811505
428261,1535792895.0,211772850.0,6.622558333333333,62.80981
428262,1535793136.0,211772850.0,6.615235,62.80515833333333
428263,1535793225.0,211772850.0,6.61248,62.803473333333336
428264,1535795475.0,211772850.0,6.545006666666667,62.75796666666667
428265,1535795625.0,211772850.0,6.540513333333333,62.75483166666667
428266,1535796977.0,211772850.0,6.49967,62.72625333333333
428267,1535797155.0,211772850.0,6.49523,62.72278166666667
428268,1535805554.0,211772850.0,6.222583333333334,62.57484166666666
428269,1535805614.0,211772850.0,6.220445,62.573728333333335
428270,1535805675.0,211772850.0,6.21823,62.57259666666667
428271,1535805795.0,211772850.0,6.21388,62.57043333333333
428272,1535805915.0,211772850.0,6.209593333333333,62.56834
428273,1535806454.0,211772850.0,6.190035,62.55900833333333
428274,1535806574.0,211772850.0,6.185996666666667,62.55697833333333
428275,1535806634.0,211772850.0,6.18407,62.556
428276,1535807236.0,211772850.0,6.173583333333333,62.54435
428277,1535807417.0,211772850.0,6.171123333333333,62.54065833333333
428278,1535807564.0,211772850.0,6.169015,62.537575
428279,1535807716.0,211772850.0,6.166736666666667,62.53447666666667
428280,1535808075.0,211772850.0,6.159281666666667,62.52740166666667
428281,1535808255.0,211772850.0,6.1553233333333335,62.523785
428282,1535808375.0,211772850.0,6.152603333333333,62.52134
428283,1535809516.0,211772850.0,6.138436666666666,62.49596666666667
428284,1535809846.0,211772850.0,6.13807,62.49025666666667
428285,1535810234.0,211772850.0,6.148851666666666,62.48157833333333
428286,1535810416.0,211772850.0,6.149793333333333,62.47670166666666
